Country,capital,AvgTempCapitalCity
Namibia,Windhoek,57.990341031729066
China,Beijing,54.719976257284614
Mauritania,Nouakchott,73.41478705686403
Sierra Leone,Freetown,-9.820260911579975
Tunisia,Tunis,66.47864234837016
Central African Republic,Bangui,67.01951219512179
Madagascar,Antananarivo,63.445898985538584
Ethiopia,Addis Ababa,25.45525551371705
Uganda,Kampala,44.1425256341069
Guinea-Bissau,Bissau,2.3921217353767306
Egypt,Cairo,71.95347507014904
North Korea,Pyongyang,48.21019857543733
Algeria,Algiers,63.755439240232846
Morocco,Rabat,62.7334556442909
Senegal,Dakar,75.55507230736022
Kenya,Nairobi,23.452060975609776
Laos,Vientiane,79.96746168789109
Burundi,Bujumbura,-65.39713845476541
Malawi,Lilongwe,-20.585543650096596
Pakistan,Islamabad,65.36514840798696
Bangladesh,Dhaka,10.10987951807226
Japan,Tokyo,61.06350097129274
Malaysia,Kuala Lumpur,78.95312972156226
Guinea,Conakry,49.389391323116925
Kyrgyzstan,Bishkek,51.37300000000035
Mozambique,Maputo,62.78318631669572
Zambia,Lusaka,55.90346164895155
Gambia,Banjul,59.66582708528577
Gabon,Libreville,70.3977979274613
Indonesia,Jakarta,35.98840798704796
Cyprus,Nicosia,23.777476999292325
Portugal,Lisbon,61.857770343189905
Croatia,Zagreb,46.928613059902794
Macedonia,Skopje,54.00780356179161
Russia,Moscow,41.92599827325716
Slovakia,Bratislava,51.44646017699109
Belgium,Brussels,51.057047269587684
Vietnam,Hanoi,74.7373192315993
Ireland,Dublin,49.06678178286205
Uzbekistan,Tashkent,58.806345780272224
South Korea,Seoul,52.87797323548456
Hungary,Budapest,51.099061083531026
Czech Republic,Prague,47.60325922728247
Philippines,Manila,81.54242391538949
Latvia,Riga,44.13642348370398
Bulgaria,Sofia,45.203345564429064
Georgia,Tbilisi,46.51603471904962
Thailand,Bangkok,72.46408588158758
Poland,Warsaw,47.77608461040342
Australia,Canberra,55.57968918627248
Denmark,Copenhagen,46.960446794733286
Belarus,Minsk,41.82123272884281
Austria,Vienna,51.04722641916694
Greece,Athens,59.63387072243328
Romania,Bucharest,52.36450464062177
Albania,Tirana,33.172922512410985
France,Paris,52.94068638031512
Italy,Rome,60.22482192963531
Finland,Helsinki,42.24399956831414
Norway,Oslo,40.9233720447946
Singapore,Singapore,81.65440319447444
Switzerland,Bern,49.0322793006693
Canada,Ottawa,43.94288128432612
Spain,Madrid,58.4405352903085
Saudi Arabia,Riyadh,78.67092596589663
Argentina,Buenos Aires,62.304899633067144
Bahrain,Manama,80.63559248866856
Turkey,Ankara,50.90390675588181
Lebanon,Beirut,69.39838117850216
Mexico,Mexico City,62.05048030221261
United Arab Emirates,Abu Dhabi,82.19249946039282
Syria,Damascus,62.80611980572022
Barbados,Bridgetown,77.00251697494751
Oman,Muscat,21.888976113042418
Sweden,Stockholm,45.093503129721704
Qatar,Doha,82.2356248650983
Bermuda,Hamilton,66.97127603710837
Bahamas,Nassau,76.57303831624395
Bolivia,La Paz,44.86714871573494
Jordan,Amman,64.16010144614734
Cuba,Havana,72.64080310880819
Suriname,Paramaribo,47.514911523521775
Peru,Lima,66.63344696473038
Guyana,Georgetown,-22.101520236920056
Venezuela,Caracas,78.326011872639
Dominican Republic,Santo Domingo,65.21575822989762
Guatemala,Guatemala City,56.91135333477217
Panama,Panama City,79.57879343837669
Nicaragua,Managua,71.8512817739321
Honduras,Tegucigalpa,68.53149487317785
