country,capital,AverageTemperature
Namibia,Windhoek,69.32590835454769
China,Beijing,55.202587420158
Mauritania,Nouakchott,78.11336918000707
Sierra Leone,Freetown,81.71703655352484
Tunisia,Tunis,67.08807409012111
Central African Republic,Bangui,78.82184718529616
Madagascar,Antananarivo,65.45140391128601
Ethiopia,Addis Ababa,62.95038499230032
Uganda,Kampala,72.58953292793392
Guinea-Bissau,Bissau,82.33553368075677
Egypt,Cairo,72.67604855315933
North Korea,Pyongyang,51.873763964163494
Algeria,Algiers,64.37253818654507
Morocco,Rabat,63.38186152345862
Senegal,Dakar,76.33087262872628
Kenya,Nairobi,67.490946774996
Laos,Vientiane,81.05564603691633
Burundi,Bujumbura,73.68981900452471
Malawi,Lilongwe,70.03199545626656
Pakistan,Islamabad,71.49295790416474
Bangladesh,Dhaka,78.72032520325234
Japan,Tokyo,61.566027931146316
Malaysia,Kuala Lumpur,82.2989224848813
Guinea,Conakry,81.58525085369075
Kyrgyzstan,Bishkek,53.47416841844964
Mozambique,Maputo,74.74497458410396
Zambia,Lusaka,70.08715898400767
Gambia,Banjul,79.01938748685622
Gabon,Libreville,79.87851362133846
Indonesia,Jakarta,83.36622922134751
Cyprus,Nicosia,67.97264196342637
Portugal,Lisbon,62.625254825417265
Croatia,Zagreb,54.41298082378286
Macedonia,Skopje,54.73791345841007
Russia,Moscow,42.39905793178134
Slovakia,Bratislava,51.9678254277669
Belgium,Brussels,51.5118640398354
Vietnam,Hanoi,75.41495124593709
Ireland,Dublin,49.531644473313804
Uzbekistan,Tashkent,60.52799476325585
South Korea,Seoul,53.40429932856834
Hungary,Budapest,51.57030421132389
Czech Republic,Prague,48.079449978345544
Philippines,Manila,82.36449479618376
Latvia,Riga,45.36726896701871
Bulgaria,Sofia,51.6243039116221
Georgia,Tbilisi,56.34484272128731
Thailand,Bangkok,83.91882699982649
Poland,Warsaw,48.25283672585513
Australia,Canberra,56.4014755343388
Denmark,Copenhagen,47.40284693656621
Belarus,Minsk,45.39047039291643
Austria,Vienna,51.46943722943731
Greece,Athens,65.2547559055116
Romania,Bucharest,52.83972068853537
Albania,Tirana,61.135237970711394
France,Paris,53.93095807082339
Italy,Rome,60.72471581682377
Finland,Helsinki,42.672104351591095
Norway,Oslo,41.7993530884807
Singapore,Singapore,82.24119748809011
Switzerland,Bern,49.835405815972415
Canada,Ottawa,44.22525751375754
Spain,Madrid,58.91773111062988
Saudi Arabia,Riyadh,79.34457805221518
Argentina,Buenos Aires,62.91649875419788
Bahrain,Manama,81.21907752273744
Turkey,Ankara,51.39081853616294
Lebanon,Beirut,70.31200086805568
Mexico,Mexico City,62.661180931744305
United Arab Emirates,Abu Dhabi,82.85980285961872
Syria,Damascus,63.77238870792596
Barbados,Bridgetown,81.07108635764779
Oman,Muscat,82.96607022282267
Sweden,Stockholm,45.60851294270562
Qatar,Doha,82.96221692491069
Bermuda,Hamilton,71.59983807124873
Bahamas,Nassau,78.56622639449847
Bolivia,La Paz,45.50655826558265
Jordan,Amman,64.72552523283531
Cuba,Havana,75.84939520562996
Suriname,Paramaribo,79.6945913936042
Peru,Lima,67.09075729687069
Guyana,Georgetown,83.34588014981283
Venezuela,Caracas,81.12558929941896
Dominican Republic,Santo Domingo,79.72183719017981
Guatemala,Guatemala City,66.8639035591273
Panama,Panama City,81.0164382071365
Nicaragua,Managua,81.78517797871159
Honduras,Tegucigalpa,71.66292468389156
